title,price,image_url,affiliate_link,category,keywords,pros,cons,description,
Amazon Echo (4th Gen),"_9,999 ",https://m.media-amazon.com/images/I/61HKV+aDE4L._SL1000_.jpg,https://www.amazon.in/gp/product/B085FWR7T4/ref=ewc_pr_img_2?smid=AJ6SIZC8YQDZX&th=1,Tech,"pressure-cooker,instant-pot,electric-pressure-cooker",Multi-functional kitchen appliance; 7 cooking functions; Fast & easy meals; Great for beginners,Higher price point; Learning curve for new users; Takes up counter space,"Versatile kitchen assistant for busy developers who want quick, healthy meals without cooking from scratch",kitchen
Lumio Arc 5 Projector,"_18,499 ",https://m.media-amazon.com/images/I/719ChY6aQ6L._SL1500_.jpg,https://amzn.to/4nVmrEk,Tech,"cold-press-juicer,breville,juicing-machine",Cold press technology; Nutrient retention; Easy cleanup; Professional quality,Large size; More expensive; Requires fresh produce,Essential for content creators needing healthy juices to stay energized during long editing sessions,kitchen
Honeywell Air Purifier for Home & Office,"_5,149 ",https://m.media-amazon.com/images/I/71ipnrfS-1L._SL1500_.jpg,https://amzn.to/3WUoOfR,Home Appliances,"cordless-vacuum,dyson,cleaning-tools",Powerful suction; 60 min battery; Converts to handheld; Digital display,High price; Battery life varies,Perfect for tech-savvy users who want powerful cleaning without cord restrictions,home-appliances
amazon basics Electric Egg Boiler,_459 ,https://m.media-amazon.com/images/I/71tIWqrBr6L._SL1500_.jpg,https://amzn.to/48lL8V5,Home Appliances,"4k-qled-tv,samsung,smart-tv",QLED technology; 4K resolution; Smart TV features; Gaming optimized,Large size; Requires wall mount,"Ideal for developers wanting a premium screen for coding, streaming, and gaming",home-appliances
Orient Electric Areva Portable Room Heater,"_1,399 ",https://m.media-amazon.com/images/I/71QfC+NELFL._SL1500_.jpg,https://amzn.to/4r2ln4o,Home Appliances,"4k-qled-tv,samsung,smart-tv",QLED technology; 4K resolution; Smart TV features; Gaming optimized,Large size; Requires wall mount,"Ideal for developers wanting a premium screen for coding, streaming, and gaming",home-appliances
KENT Digi Plus Air Fryer ,$249.99,https://m.media-amazon.com/images/I/51aQUeYhK1L._SL1080_.jpg,https://amzn.to/43vxLQm,Kitchen,"air-fryer,philips,healthy-cooking",80% less fat; 7 preset programs; Large capacity; Family size,Counter space needed; Higher price,Healthy cooking solution for techies who want crispy meals without the oil,kitchen
E GATE Atom 2X Smart Android Projector,"_4,990 ",https://m.media-amazon.com/images/I/71FeN06o4nL._SL1500_.jpg,https://amzn.to/3WZICyp,Tech,"laptop,apple,macbook,professional",M1 Pro chip; 16GB RAM; 1TB SSD; Liquid Retina display,Premium price; Apple ecosystem lock-in,"Ultimate developer machine for coding, video editing, and creative work",tech
"LG 185 L, 5 Star, Smart Inverter Compressor","_16,990 ",https://m.media-amazon.com/images/I/615WqNen-1L._SL1500_.jpg,https://amzn.to/4o16AV9,Kitchen,"wireless-mouse,logitech,productivity",Ergonomic design; 70-day battery; Multi-device pairing; Custom buttons,May be too large for small hands,Ergonomic mouse perfect for long coding sessions - reduces wrist strain,tech
SHARP 92 L 2 Star Mini Direct Cool Single Door Refrigerator,"_10,490 ",https://m.media-amazon.com/images/I/612e8ZfxEEL._SL1500_.jpg,https://amzn.to/4r6Cxy6,Kitchen,"smartphone,google,pixel,android",Tensor G2 chip; 64MP camera; 6.1-inch display; Pure Android,Mid-range price; No expandable storage,Clean Android experience for developers who want stock Google software,tech
"Samsung 183 L, 5 Star, Digital Inverter,","_16,990 ",https://m.media-amazon.com/images/I/71BFsHzDy+L._SL1500_.jpg,https://amzn.to/4pcxqdR,Kitchen,"wireless-earbuds,anker,noise-cancelling",Active noise cancellation; 28h battery; IPX7 waterproof,Bass-heavy sound profile; App required,Affordable true wireless earbuds for calls and music during development sprints,tech
"Samsung Galaxy M17 5G (Sapphire Black, 8GB RAM, 128GB Storage)","_15,499 ",https://m.media-amazon.com/images/I/71kmZ1zJYUL._SL1500_.jpg,https://amzn.to/4r6NyiU,Tech,"2-in-1-laptop,microsoft,surface,creative",11th Gen Intel; 16GB RAM; Touchscreen; 3:2 display ratio,Expensive; Windows 11,Versatile 2-in-1 for developers who also do graphic design and content creation,tech
"Samsung Galaxy F56 5G (Violet, 8GB RAM, 128GB Storage)","_23,900 ",https://m.media-amazon.com/images/I/515alPqzvkL._SL1000_.jpg,https://amzn.to/47H8LrV,Tech,"noise-cancelling-headphones,bose,bluetooth",Industry-leading ANC; 24h battery; Comfort fit; Clear calls,Premium price; Heavy for long wear,Best noise-cancelling headphones for focused coding in noisy environments,tech
"Samsung Galaxy M17 5G (Moonlight Silver, 8GB RAM, 128GB Storage)","_15,499 ",https://m.media-amazon.com/images/I/71fOArIi24L._SL1500_.jpg,https://amzn.to/3WZJ1AV,Tech,"e-reader,kindle,reading-device",300ppi display; 10 weeks battery; Waterproof; Auto brightness,No color display; Amazon ecosystem,"Perfect for reading documentation, books, and technical papers during breaks",tech
Dell 15 Intel Core i5 13th Gen - 1334U,"_55,990 ",https://m.media-amazon.com/images/I/712WiT-wexL._SL1500_.jpg,https://amzn.to/47Xc6C5,Tech,"external-ssd,sandisk,storage",1050MB/s read; 1000MB/s write; IP55 water resistant; Drop proof,Premium price for portable SSD,"Fast, reliable external storage for developers working with large codebases",tech
Apple 2024 MacBook Pro Laptop with M4 chip,"_2,01,990 ",https://m.media-amazon.com/images/I/81FfGlHo+FL._SL1500_.jpg,https://amzn.to/4i1ZEFB,Tech,"mechanical-keyboard,razer,gaming",Linear optical switches; RGB lighting; Multi-function dial; Durable,Gaming aesthetic; Loud typing,Professional mechanical keyboard for developers who love RGB customization,tech
JioBook 11 with Lifetime Office | Android 4G Laptop,"_12,990 ",https://m.media-amazon.com/images/I/61IDcxw27+L._SL1000_.jpg,https://amzn.to/4oFj8Cq,Tech,"macbook-stand,ergonomic,laptop-accessory",Holds 15-inch MacBook; Reduces neck strain; Stable base; Sleek design,MacBook specific; Single device,Elegant vertical stand that reduces neck strain for laptop developers,tech